TRI	dnmCount
ACA>A	137
ACC>A	164
ACG>A	29
ACT>A	75
ACA>G	108
ACC>G	64
ACG>G	31
ACT>G	117
ACA>T	406
ACC>T	274
ACG>T	809
ACT>T	278
ATA>A	72
ATC>A	88
ATG>A	77
ATT>A	95
ATA>C	497
ATC>C	156
ATG>C	462
ATT>C	448
ATA>G	44
ATC>G	27
ATG>G	71
ATT>G	72
CCA>A	101
CCC>A	95
CCG>A	35
CCT>A	60
CCA>G	92
CCC>G	105
CCG>G	37
CCT>G	132
CCA>T	285
CCC>T	208
CCG>T	742
CCT>T	328
CTA>A	28
CTC>A	32
CTG>A	48
CTT>A	39
CTA>C	159
CTC>C	124
CTG>C	268
CTT>C	181
CTA>G	32
CTC>G	56
CTG>G	71
CTT>G	49
GCA>A	95
GCC>A	121
GCG>A	48
GCT>A	70
GCA>G	49
GCC>G	56
GCG>G	33
GCT>G	89
GCA>T	226
GCC>T	226
GCG>T	570
GCT>T	232
GTA>A	23
GTC>A	49
GTG>A	38
GTT>A	46
GTA>C	167
GTC>C	108
GTG>C	154
GTT>C	181
GTA>G	22
GTC>G	24
GTG>G	44
GTT>G	43
TCA>A	101
TCC>A	92
TCG>A	29
TCT>A	131
TCA>G	106
TCC>G	95
TCG>G	22
TCT>G	217
TCA>T	257
TCC>T	241
TCG>T	508
TCT>T	233
TTA>A	104
TTC>A	47
TTG>A	35
TTT>A	97
TTA>C	198
TTC>C	151
TTG>C	165
TTT>C	259
TTA>G	70
TTC>G	60
TTG>G	83
TTT>G	140
