Age	fit	ci_lo	ci_hi	model
10	0.005205963678842019	-0.004052497226538931	0.014464424584222969	exome_vafSum_likelyDisease
11	0.005845579647110705	-0.003210227352711136	0.014901386646932547	exome_vafSum_likelyDisease
12	0.006485195615379392	-0.002368427630206154	0.015338818860964939	exome_vafSum_likelyDisease
13	0.0071248115836480795	-0.001527131019416211	0.015776754186712372	exome_vafSum_likelyDisease
14	0.007764427551916767	-6.863735411075343e-4	0.016215228644941067	exome_vafSum_likelyDisease
15	0.008404043520185454	1.5380537233794685e-4	0.016654281668032962	exome_vafSum_likelyDisease
16	0.00904365948845414	9.933624781736216e-4	0.017093956498734658	exome_vafSum_likelyDisease
17	0.009683275456722828	0.0018322502697513607	0.017534300643694295	exome_vafSum_likelyDisease
18	0.010322891424991513	0.0026704164597018557	0.01797536639028117	exome_vafSum_likelyDisease
19	0.0109625073932602	0.003507803389914043	0.018417211396606358	exome_vafSum_likelyDisease
20	0.011602123361528887	0.004344347356730919	0.018859899366326857	exome_vafSum_likelyDisease
21	0.012241739329797574	0.005179977837837313	0.019303500821757837	exome_vafSum_likelyDisease
22	0.012881355298066261	0.006014616605059214	0.019748093991073308	exome_vafSum_likelyDisease
23	0.013520971266334949	0.006848176704688146	0.02019376582798175	exome_vafSum_likelyDisease
24	0.014160587234603636	0.0076805612839579256	0.020640613185249346	exome_vafSum_likelyDisease
25	0.014800203202872321	0.008511662238917628	0.021088744166827014	exome_vafSum_likelyDisease
26	0.015439819171141008	0.00934135865517255	0.021538279687109467	exome_vafSum_likelyDisease
27	0.016079435139409695	0.010169515008856994	0.021989355269962395	exome_vafSum_likelyDisease
28	0.016719051107678382	0.010995979090885871	0.022442123124470893	exome_vafSum_likelyDisease
29	0.01735866707594707	0.01182057961325107	0.02289675453864307	exome_vafSum_likelyDisease
30	0.017998283044215756	0.012643123452313436	0.023353442636118077	exome_vafSum_likelyDisease
31	0.018637899012484443	0.013463392481402284	0.023812405543566603	exome_vafSum_likelyDisease
32	0.01927751498075313	0.014281139944701881	0.02427389001680438	exome_vafSum_likelyDisease
33	0.019917130949021818	0.015096086328119	0.024738175569924636	exome_vafSum_likelyDisease
34	0.020556746917290505	0.0159079146931947	0.025205579141386308	exome_vafSum_likelyDisease
35	0.021196362885559192	0.0167162654609441	0.025676460310174284	exome_vafSum_likelyDisease
36	0.02183597885382788	0.017520730669135634	0.026151227038520124	exome_vafSum_likelyDisease
37	0.022475594822096566	0.018320847786219133	0.026630341857974	exome_vafSum_likelyDisease
38	0.02311521079036525	0.01911609325721239	0.027114328323518108	exome_vafSum_likelyDisease
39	0.023754826758633937	0.01990587609241274	0.027603777424855133	exome_vafSum_likelyDisease
40	0.024394442726902624	0.020689532000146275	0.028099353453658972	exome_vafSum_likelyDisease
41	0.02503405869517131	0.021466318818069895	0.028601798572272727	exome_vafSum_likelyDisease
42	0.025673674663439998	0.022235414312145953	0.029111935014734042	exome_vafSum_likelyDisease
43	0.026313290631708685	0.02299591776585574	0.02963066349756163	exome_vafSum_likelyDisease
44	0.026952906599977372	0.023746857115937894	0.03015895608401685	exome_vafSum_likelyDisease
45	0.02759252256824606	0.024487203593918642	0.030697841542573476	exome_vafSum_likelyDisease
46	0.028232138536514746	0.025215895733668517	0.031248381339360976	exome_vafSum_likelyDisease
47	0.028871754504783433	0.025931873991170484	0.031811635018396386	exome_vafSum_likelyDisease
48	0.02951137047305212	0.026634125906089434	0.032388615040014807	exome_vafSum_likelyDisease
49	0.030150986441320807	0.027321739679882856	0.03298023320275876	exome_vafSum_likelyDisease
50	0.030790602409589495	0.027993961522508413	0.03358724329667058	exome_vafSum_likelyDisease
51	0.03143021837785818	0.02865024979158317	0.03421018696413319	exome_vafSum_likelyDisease
52	0.03206983434612687	0.02929031775052004	0.0348493509417337	exome_vafSum_likelyDisease
53	0.03270945031439555	0.029914157530977804	0.035504743097813304	exome_vafSum_likelyDisease
54	0.03334906628266424	0.030522040803472976	0.03617609176185551	exome_vafSum_likelyDisease
55	0.033988682250932926	0.03111449602694507	0.03686286847492078	exome_vafSum_likelyDisease
56	0.03462829821920162	0.03169226655800956	0.037564329880393675	exome_vafSum_likelyDisease
57	0.0352679141874703	0.03225625692674515	0.03827957144819545	exome_vafSum_likelyDisease
58	0.03590753015573899	0.032807475467216456	0.03900758484426153	exome_vafSum_likelyDisease
59	0.036547146124007675	0.03334698038411572	0.03974731186389963	exome_vafSum_likelyDisease
60	0.037186762092276365	0.03387583404580335	0.04049769013874938	exome_vafSum_likelyDisease
61	0.03782637806054505	0.03439506776121905	0.04125768835987105	exome_vafSum_likelyDisease
62	0.03846599402881373	0.03490565720671453	0.04202633085091294	exome_vafSum_likelyDisease
63	0.03910560999708242	0.03540850731004141	0.04280271268412344	exome_vafSum_likelyDisease
64	0.03974522596535111	0.03590444474983622	0.04358600718086599	exome_vafSum_likelyDisease
65	0.0403848419336198	0.03639421610706404	0.044375467760175556	exome_vafSum_likelyDisease
66	0.04102445790188848	0.036878489896115724	0.04517042590766124	exome_vafSum_likelyDisease
67	0.04166407387015717	0.03735786103317332	0.045970286707141025	exome_vafSum_likelyDisease
68	0.042303689838425855	0.03783285665375956	0.04677452302309215	exome_vafSum_likelyDisease
69	0.042943305806694546	0.03830394250899755	0.04758266910439154	exome_vafSum_likelyDisease
70	0.04358292177496323	0.03877152942699179	0.04839431412293467	exome_vafSum_likelyDisease
71	0.04422253774323192	0.039235979519425236	0.0492090959670386	exome_vafSum_likelyDisease
72	0.0448621537115006	0.03969761195177925	0.05002669547122195	exome_vafSum_likelyDisease
73	0.045501769679769294	0.04015670818979624	0.05084683116974235	exome_vafSum_likelyDisease
74	0.04614138564803798	0.04061351669603885	0.05166925460003711	exome_vafSum_likelyDisease
75	0.04678100161630667	0.04106825708810005	0.052493746144513284	exome_vafSum_likelyDisease
76	0.04742061758457535	0.041521123791559804	0.0533201113775909	exome_vafSum_likelyDisease
77	0.04806023355284404	0.04197228923162206	0.05414817787406603	exome_vafSum_likelyDisease
78	0.048699849521112726	0.04242190661137193	0.054977792430853524	exome_vafSum_likelyDisease
79	0.04933946548938141	0.04287011232443314	0.05580881865432968	exome_vafSum_likelyDisease
80	0.0499790814576501	0.04331702804726053	0.05664113486803967	exome_vafSum_likelyDisease
10	-3.034814047269067e-4	-0.009534076794824705	0.008927113985370893	vafSum_likelyDisease
11	4.257269465113235e-5	-0.008985978724471745	0.009071124113774011	vafSum_likelyDisease
12	3.886267940291714e-4	-0.008438349390410636	0.00921560297846898	vafSum_likelyDisease
13	7.346808934072104e-4	-0.007891221653831545	0.009360583440645966	vafSum_likelyDisease
14	0.0010807349927852495	-0.007344631427087743	0.009506101412658242	vafSum_likelyDisease
15	0.0014267890921632886	-0.006798618023880123	0.0096521962082067	vafSum_likelyDisease
16	0.0017728431915413276	-0.006253224556806087	0.009798910939888742	vafSum_likelyDisease
17	0.0021188972909193665	-0.005708498389531334	0.009946292971370067	vafSum_likelyDisease
18	0.0024649513902974055	-0.005164491652054036	0.010094394432648847	vafSum_likelyDisease
19	0.002811005489675445	-0.004621261828949617	0.010243272808300508	vafSum_likelyDisease
20	0.0031570595890534838	-0.004078872432143945	0.010392991610250911	vafSum_likelyDisease
21	0.0035031136884315227	-0.003537393771698694	0.010543621148561739	vafSum_likelyDisease
22	0.003849167787809562	-0.002996903840341794	0.010695239415960917	vafSum_likelyDisease
23	0.004195221887187601	-0.0024574893300740855	0.010847933104449287	vafSum_likelyDisease
24	0.00454127598656564	-0.0019192468021605779	0.011001798775291859	vafSum_likelyDisease
25	0.004887330085943679	-0.0013822840351879325	0.01115694420707529	vafSum_likelyDisease
26	0.005233384185321718	-8.467215796305501e-4	0.011313489950273986	vafSum_likelyDisease
27	0.005579438284699757	-3.126945514631812e-4	0.011471571120862695	vafSum_likelyDisease
28	0.0059254923840777966	2.1964529833811558e-4	0.011631339469817478	vafSum_likelyDisease
29	0.0062715464834558355	7.501271972967689e-4	0.011792965769614902	vafSum_likelyDisease
30	0.0066176005828338744	0.0012785586030246328	0.011956642562643116	vafSum_likelyDisease
31	0.006963654682211913	0.0018047220453545308	0.012122587319069296	vafSum_likelyDisease
32	0.007309708781589952	0.0023283715111403844	0.01229104605203952	vafSum_likelyDisease
33	0.007655762880967991	0.002849228327552358	0.012462297434383623	vafSum_likelyDisease
34	0.00800181698034603	0.003366976510032333	0.012636657450659727	vafSum_likelyDisease
35	0.008347871079724069	0.0038812575618329412	0.012814484597615198	vafSum_likelyDisease
36	0.008693925179102108	0.00439166474858089	0.012996185609623326	vafSum_likelyDisease
37	0.009039979278480147	0.004897736930823473	0.01318222162613682	vafSum_likelyDisease
38	0.009386033377858186	0.005398952129340327	0.013373114626376045	vafSum_likelyDisease
39	0.009732087477236225	0.005894721133151265	0.013569453821321185	vafSum_likelyDisease
40	0.010078141576614266	0.0063843816499243875	0.013771901503304144	vafSum_likelyDisease
41	0.010424195675992304	0.006867193751028691	0.013981197600955918	vafSum_likelyDisease
42	0.010770249775370343	0.007342337677133213	0.014198161873607474	vafSum_likelyDisease
43	0.011116303874748382	0.007808915422637425	0.01442369232685934	vafSum_likelyDisease
44	0.011462357974126421	0.008265957849932934	0.014658758098319909	vafSum_likelyDisease
45	0.01180841207350446	0.008712439286866606	0.014904384860142315	vafSum_likelyDisease
46	0.0121544661728825	0.00914730146204091	0.015161630883724088	vafSum_likelyDisease
47	0.012500520272260538	0.009569488020385684	0.015431552524135392	vafSum_likelyDisease
48	0.012846574371638577	0.009977989548803284	0.01571515919447387	vafSum_likelyDisease
49	0.013192628471016616	0.010371896993023329	0.016013359949009903	vafSum_likelyDisease
50	0.013538682570394655	0.010750458831711874	0.016326906309077436	vafSum_likelyDisease
51	0.013884736669772694	0.011113135052686107	0.01665633828685928	vafSum_likelyDisease
52	0.014230790769150733	0.011459639782360122	0.017001941755941344	vafSum_likelyDisease
53	0.014576844868528772	0.011789965176074332	0.017363724560983212	vafSum_likelyDisease
54	0.01492289896790681	0.012104382086688936	0.017741415849124684	vafSum_likelyDisease
55	0.01526895306728485	0.012403417382622014	0.018134488751947685	vafSum_likelyDisease
56	0.015615007166662889	0.012687812183182478	0.018542202150143298	vafSum_likelyDisease
57	0.015961061266040927	0.012958468296053079	0.018963654236028776	vafSum_likelyDisease
58	0.016307115365418966	0.013216391020479935	0.019397839710357998	vafSum_likelyDisease
59	0.016653169464797005	0.013462635376239422	0.01984370355335459	vafSum_likelyDisease
60	0.016999223564175044	0.013698260534244548	0.02030018659410554	vafSum_likelyDisease
61	0.017345277663553083	0.013924294699468247	0.02076626062763792	vafSum_likelyDisease
62	0.017691331762931122	0.014141710611734814	0.02124095291412743	vafSum_likelyDisease
63	0.01803738586230916	0.014351410475202983	0.02172336124941534	vafSum_likelyDisease
64	0.018383439961687204	0.01455421848042555	0.022212661442948856	vafSum_likelyDisease
65	0.018729494061065242	0.0147508789613566	0.022708109160773884	vafSum_likelyDisease
66	0.01907554816044328	0.014942058420335736	0.023209037900550827	vafSum_likelyDisease
67	0.01942160225982132	0.015128349983004843	0.023714854536637797	vafSum_likelyDisease
68	0.01976765635919936	0.015310279198348355	0.024225033520050364	vafSum_likelyDisease
69	0.020113710458577398	0.015488310415701832	0.024739110501452964	vafSum_likelyDisease
70	0.020459764557955437	0.015662853226685994	0.02525667588922488	vafSum_likelyDisease
71	0.020805818657333476	0.015834268653123533	0.02577736866154342	vafSum_likelyDisease
72	0.021151872756711515	0.01600287489989225	0.02630087061353078	vafSum_likelyDisease
73	0.021497926856089554	0.016168952585597186	0.026826901126581922	vafSum_likelyDisease
74	0.021843980955467593	0.016332749424994502	0.027355212485940684	vafSum_likelyDisease
75	0.022190035054845632	0.01649448437468637	0.027885585735004895	vafSum_likelyDisease
76	0.02253608915422367	0.016654351275083246	0.028417827033364096	vafSum_likelyDisease
77	0.02288214325360171	0.016812522032434874	0.028951764474768545	vafSum_likelyDisease
78	0.02322819735297975	0.016969149388725676	0.02948724531723382	vafSum_likelyDisease
79	0.023574251452357788	0.01712436932707068	0.030024133577644895	vafSum_likelyDisease
80	0.023920305551735827	0.017278303157710815	0.030562307945760838	vafSum_likelyDisease
10	-0.0025505912479022942	-0.0098714567086723	0.004770274212867711	vafSum_posPath
11	-0.0022803346920999648	-0.009440957322786239	0.004880287938586308	vafSum_posPath
12	-0.0020100781362976357	-0.009010829695728745	0.004990673423133474	vafSum_posPath
13	-0.001739821580495306	-0.008581099889995463	0.005101456729004851	vafSum_posPath
14	-0.0014695650246929768	-0.00815179638798601	0.005212666338600058	vafSum_posPath
15	-0.0011993084688906473	-0.00772295036973839	0.005324333431957096	vafSum_posPath
16	-9.290519130883178e-4	-0.0072945960282284495	0.005436492202051814	vafSum_posPath
17	-6.587953572859883e-4	-0.006866770927991264	0.005549180213419287	vafSum_posPath
18	-3.8853880148365897e-4	-0.006439516413781636	0.005662438810814318	vafSum_posPath
19	-1.1828224568132955e-4	-0.006012878077116145	0.0057763135857534864	vafSum_posPath
20	1.5197431012099988e-4	-0.00558690628985541	0.00589085491009741	vafSum_posPath
21	4.222308659233293e-4	-0.005161656815520668	0.006006118547367327	vafSum_posPath
22	6.924874217256587e-4	-0.00473719151082256	0.006122166354273878	vafSum_posPath
23	9.627439775279881e-4	-0.00431357913194071	0.006239067086996687	vafSum_posPath
24	0.0012330005333303176	-0.003890896262453965	0.0063568973291146	vafSum_posPath
25	0.001503257089132647	-0.0034692283824965015	0.006475742560761796	vafSum_posPath
26	0.0017735136449349765	-0.003048671101697715	0.006595698391567668	vafSum_posPath
27	0.002043770200737306	-0.0026293315817119667	0.006716871983186578	vafSum_posPath
28	0.002314026756539635	-0.0022113301775577923	0.006839383690637062	vafSum_posPath
29	0.0025842833123419645	-0.001794802330371166	0.006963368955055095	vafSum_posPath
30	0.002854539868144294	-0.0013799007471942204	0.007088980483482808	vafSum_posPath
31	0.0031247964239466235	-9.667979055073706e-4	0.0072163907534006175	vafSum_posPath
32	0.003395052979748953	-5.556889204757724e-4	0.007345794879973678	vafSum_posPath
33	0.0036653095355512824	-1.4679480994373405e-4	0.007477413881046299	vafSum_posPath
34	0.003935566091353612	2.596338159883229e-4	0.007611498366718901	vafSum_posPath
35	0.004205822647155941	6.63312630433054e-4	0.007748332663878829	vafSum_posPath
36	0.004476079202958271	0.0010639190488225827	0.007888239357093959	vafSum_posPath
37	0.0047463357587606	0.001461087337447519	0.008031584180073681	vafSum_posPath
38	0.00501659231456293	0.00185440351004976	0.0081787811190761	vafSum_posPath
39	0.005286848870365259	0.00224340025827793	0.008330297482452589	vafSum_posPath
40	0.005557105426167589	0.0026275523123251926	0.008486658540009986	vafSum_posPath
41	0.005827361981969917	0.003006272828360874	0.008648451135578961	vafSum_posPath
42	0.006097618537772247	0.003378911648132059	0.008816325427412435	vafSum_posPath
43	0.006367875093574576	0.0037447565555891148	0.008990993631560038	vafSum_posPath
44	0.006638131649376906	0.004103038919268505	0.009173224379485307	vafSum_posPath
45	0.006908388205179235	0.004452945269667706	0.009363831140690764	vafSum_posPath
46	0.007178644760981565	0.004793636282540029	0.009563653239423101	vafSum_posPath
47	0.007448901316783894	0.005124274153494679	0.00977352848007311	vafSum_posPath
48	0.007719157872586224	0.005444058308227414	0.009994257436945033	vafSum_posPath
49	0.007989414428388552	0.005752267767892475	0.010226561088884631	vafSum_posPath
50	0.008259670984190882	0.0060483064943856885	0.010471035473996075	vafSum_posPath
51	0.008529927539993211	0.006331746199349646	0.010728108880636775	vafSum_posPath
52	0.00880018409579554	0.0066023601539577925	0.010998008037633289	vafSum_posPath
53	0.00907044065159787	0.0068601421365423985	0.011280739166653342	vafSum_posPath
54	0.0093406972074002	0.007105306962861865	0.011576087451938534	vafSum_posPath
55	0.00961095376320253	0.007338272496839513	0.011883635029565544	vafSum_posPath
56	0.009881210319004859	0.007559626526643019	0.012202794111366698	vafSum_posPath
57	0.010151466874807188	0.007770084283786484	0.012532849465827892	vafSum_posPath
58	0.010421723430609518	0.007970443079842737	0.012873003781376298	vafSum_posPath
59	0.010691979986411847	0.008161539660169463	0.013222420312654231	vafSum_posPath
60	0.010962236542214177	0.008344214062426898	0.013580259022001455	vafSum_posPath
61	0.011232493098016506	0.008519281764918965	0.013945704431114047	vafSum_posPath
62	0.011502749653818835	0.008687514256057956	0.014317985051579715	vafSum_posPath
63	0.011773006209621165	0.008849627081806522	0.014696385337435808	vafSum_posPath
64	0.012043262765423494	0.00900627391485814	0.01508025161598885	vafSum_posPath
65	0.012313519321225824	0.009158045092943524	0.015468993549508123	vafSum_posPath
66	0.012583775877028153	0.009305469224863229	0.015862082529193078	vafSum_posPath
67	0.012854032432830483	0.009449016723720855	0.01625904814194011	vafSum_posPath
68	0.013124288988632812	0.009589104406985426	0.0166594735702802	vafSum_posPath
69	0.013394545544435142	0.009726100554152337	0.017062990534717947	vafSum_posPath
70	0.013664802100237471	0.009860330015897237	0.017469274184577707	vafSum_posPath
71	0.0139350586560398	0.009992079121766667	0.017878038190312934	vafSum_posPath
72	0.01420531521184213	0.010121600242815896	0.018289030180868367	vafSum_posPath
73	0.01447557176764446	0.01024911594010046	0.018702027595188457	vafSum_posPath
74	0.01474582832344679	0.010374822678347273	0.019116833968546305	vafSum_posPath
75	0.015016084879249119	0.010498894113941261	0.019533275644556976	vafSum_posPath
76	0.015286341435051448	0.01062148398339734	0.019951198886705556	vafSum_posPath
77	0.015556597990853778	0.010742728627056847	0.020370467354650708	vafSum_posPath
78	0.015826854546656107	0.010862749185915668	0.020790959907396545	vafSum_posPath
79	0.016097111102458435	0.010981653509364656	0.021212568695552214	vafSum_posPath
80	0.016367367658260766	0.011099537809610645	0.021635197506910887	vafSum_posPath
10	-0.0024371250877304115	-0.009860385007901772	0.004986134832440949	exome_vafSum_posPath
11	-0.002163376571905465	-0.009424152399939134	0.005097399256128203	exome_vafSum_posPath
12	-0.0018896280560805189	-0.00898829675046957	0.005209040638308533	exome_vafSum_posPath
13	-0.0016158795402555727	-0.008552844486515998	0.005321085406004853	exome_vafSum_posPath
14	-0.0013421310244306262	-0.00811782448885169	0.005433562439990436	exome_vafSum_posPath
15	-0.00106838250860568	-0.007683268373619249	0.00554650335640789	exome_vafSum_posPath
16	-7.946339927807338e-4	-0.007249210812040072	0.005659942826478605	exome_vafSum_posPath
17	-5.208854769557876e-4	-0.006815689894051628	0.005773918940140052	exome_vafSum_posPath
18	-2.4713696113084127e-4	-0.006382747542683765	0.0058884736204220835	exome_vafSum_posPath
19	2.6611554694105e-5	-0.005950429987126128	0.0060036530965143385	exome_vafSum_posPath
20	3.0036007051905127e-4	-0.005518788303773444	0.006119508444811546	exome_vafSum_posPath
21	5.741085863439975e-4	-0.005087879036092388	0.006236096208780382	exome_vafSum_posPath
22	8.478571021689438e-4	-0.004657764905962408	0.006353479110300296	exome_vafSum_posPath
23	0.0011216056179938901	-0.004228515631232469	0.0064717268672202484	exome_vafSum_posPath
24	0.0013953541338188363	-0.0038002088666299265	0.006590917134267599	exome_vafSum_posPath
25	0.0016691026496437826	-0.0033729312878705738	0.006711136587158139	exome_vafSum_posPath
26	0.0019428511654687288	-0.002946779841843227	0.006832482172780685	exome_vafSum_posPath
27	0.002216599681293675	-0.0025218631890359194	0.006955062551623269	exome_vafSum_posPath
28	0.0024903481971186216	-0.0020983033678319647	0.007078999762069208	exome_vafSum_posPath
29	0.0027640967129435676	-0.0016762377137365184	0.007204431139623654	exome_vafSum_posPath
30	0.003037845228768514	-0.0012558210696532583	0.007331511527190287	exome_vafSum_posPath
31	0.00331159374459346	-8.372283254465527e-4	0.007460415814633473	exome_vafSum_posPath
32	0.0035853422604184065	-4.2065732529112266e-4	0.007591341846127936	exome_vafSum_posPath
33	0.003859090776243353	-6.332178332818083e-6	0.0077245137308195235	exome_vafSum_posPath
34	0.004132839292068299	4.054930001295611e-4	0.007860185584007038	exome_vafSum_posPath
35	0.004406587807893245	8.145299064250379e-4	0.007998645709361454	exome_vafSum_posPath
36	0.004680336323718191	0.0012204514441049204	0.008140221203331462	exome_vafSum_posPath
37	0.004954084839543138	0.001622886764066609	0.008285282915019667	exome_vafSum_posPath
38	0.005227833355368084	0.002021416089766778	0.008434250620969391	exome_vafSum_posPath
39	0.00550158187119303	0.0024155655767708157	0.008587598165615246	exome_vafSum_posPath
40	0.005775330387017977	0.0028048026085014544	0.0087458581655345	exome_vafSum_posPath
41	0.006049078902842923	0.0031885321331426198	0.008909625672543227	exome_vafSum_posPath
42	0.006322827418667869	0.0035660948988986765	0.009079559938437062	exome_vafSum_posPath
43	0.006596575934492815	0.003936768728195937	0.009256383140789692	exome_vafSum_posPath
44	0.006870324450317762	0.004299774238983575	0.009440874661651949	exome_vafSum_posPath
45	0.007144072966142708	0.004654286584037347	0.009633859348248069	exome_vafSum_posPath
46	0.007417821481967654	0.004999454699767319	0.009836188264167989	exome_vafSum_posPath
47	0.007691569997792601	0.005334429063697158	0.010048710931888045	exome_vafSum_posPath
48	0.007965318513617547	0.005658397904161662	0.010272239123073432	exome_vafSum_posPath
49	0.008239067029442493	0.005970630158228767	0.010507503900656218	exome_vafSum_posPath
50	0.008512815545267439	0.00627052145121172	0.010755109639323157	exome_vafSum_posPath
51	0.008786564061092385	0.006557637504429283	0.011015490617755487	exome_vafSum_posPath
52	0.009060312576917333	0.006831748417875788	0.011288876735958877	exome_vafSum_posPath
53	0.009334061092742279	0.007092847882863154	0.011575274302621404	exome_vafSum_posPath
54	0.009607809608567225	0.0073411537197048534	0.011874465497429595	exome_vafSum_posPath
55	0.00988155812439217	0.007577089636845015	0.012186026611939326	exome_vafSum_posPath
56	0.010155306640217117	0.007801251643644834	0.012509361636789399	exome_vafSum_posPath
57	0.010429055156042063	0.008014364975318744	0.012843745336765381	exome_vafSum_posPath
58	0.01070280367186701	0.008217238095165818	0.013188369248568203	exome_vafSum_posPath
59	0.010976552187691956	0.008410719451816939	0.013542384923566974	exome_vafSum_posPath
60	0.011250300703516902	0.00859566083225386	0.013904940574779945	exome_vafSum_posPath
61	0.011524049219341848	0.00877288912059865	0.014275209318085047	exome_vafSum_posPath
62	0.011797797735166794	0.008943186595810062	0.014652408874523527	exome_vafSum_posPath
63	0.01207154625099174	0.009107278811949164	0.015035813690034316	exome_vafSum_posPath
64	0.012345294766816686	0.009265828584407443	0.01542476094922593	exome_vafSum_posPath
65	0.012619043282641634	0.009419434507769006	0.01581865205751426	exome_vafSum_posPath
66	0.01289279179846658	0.009568632584306206	0.016216951012626952	exome_vafSum_posPath
67	0.013166540314291526	0.009713899806631	0.016619180821952052	exome_vafSum_posPath
68	0.013440288830116472	0.009855658822096816	0.01702491883813613	exome_vafSum_posPath
69	0.013714037345941418	0.009994283061199306	0.01743379163068353	exome_vafSum_posPath
70	0.013987785861766364	0.010130101918190216	0.017845469805342514	exome_vafSum_posPath
71	0.014261534377591312	0.010263405727410229	0.018259663027772394	exome_vafSum_posPath
72	0.014535282893416258	0.010394450389742873	0.018676115397089642	exome_vafSum_posPath
73	0.014809031409241204	0.010523461579129596	0.01909460123935281	exome_vafSum_posPath
74	0.01508277992506615	0.010650638508182736	0.019514921341949563	exome_vafSum_posPath
75	0.015356528440891096	0.010776157262160118	0.019936899619622073	exome_vafSum_posPath
76	0.01563027695671604	0.010900173727837083	0.020360380185595002	exome_vafSum_posPath
77	0.015904025472540988	0.011022826152501032	0.020785224792580943	exome_vafSum_posPath
78	0.016177773988365934	0.011144237371505822	0.021211310605226047	exome_vafSum_posPath
79	0.01645152250419088	0.011264516742695123	0.021638528265686637	exome_vafSum_posPath
80	0.01672527102001583	0.011383761823963234	0.022066780216068425	exome_vafSum_posPath
10	0.002139517724898274	9.843979427416316e-4	0.0046437863987561605	vafSum_allPos_quasibinom
11	0.0022339373194548576	0.0010436926243833874	0.004775068834423697	vafSum_allPos_quasibinom
12	0.002332514028787817	0.0011065345001313165	0.0049101347127749086	vafSum_allPos_quasibinom
13	0.002435430004304822	0.0011731326944195758	0.005049100307415715	vafSum_allPos_quasibinom
14	0.0025428752994956305	0.0012437082404641079	0.005192086279429869	vafSum_allPos_quasibinom
15	0.002655048205591253	0.001318494695673629	0.005339217941443549	vafSum_allPos_quasibinom
16	0.002772155600833205	0.0013977387783601148	0.0054906255491114185	vafSum_allPos_quasibinom
17	0.002894413313845365	0.0014817010243989895	0.005646444624005029	vafSum_allPos_quasibinom
18	0.0030220465016129773	0.0015706564619262075	0.005806816312573442	vafSum_allPos_quasibinom
19	0.003155290042585406	0.0016648953014656094	0.005971887786670575	vafSum_allPos_quasibinom
20	0.0032943889454305868	0.001764723638026108	0.006141812692131128	vafSum_allPos_quasibinom
21	0.00343959877398039	0.001870464160658696	0.006316751653064226	vafSum_allPos_quasibinom
22	0.0035911860889164043	0.0019824568636732723	0.006496872840963672	vafSum_allPos_quasibinom
23	0.0037494289067556853	0.0021010597521304315	0.006682352619461802	vafSum_allPos_quasibinom
24	0.003914617176704854	0.0022266495322753447	0.006873376277646021	vafSum_allPos_quasibinom
25	0.004087053275959248	0.002359622275185767	0.007070138867398784	vafSum_allPos_quasibinom
26	0.004267052524030607	0.002500394038959435	0.00727284616331431	vafSum_allPos_quasibinom
27	0.004454943716692829	0.0026494014311383555	0.007481715767519605	vafSum_allPos_quasibinom
28	0.004651069680139415	0.0028071020885977716	0.007696978386340874	vafSum_allPos_quasibinom
29	0.0048557878459491955	0.002973975046617879	0.007918879311407985	vafSum_allPos_quasibinom
30	0.005069470847457611	0.003150520962060571	0.008147680144722025	vafSum_allPos_quasibinom
31	0.005292507138129852	0.0033372621471916965	0.008383660815723988	vafSum_allPos_quasibinom
32	0.005525301632528394	0.0035347423603533856	0.008627121948860656	vafSum_allPos_quasibinom
33	0.00576827637046164	0.0037435262869597225	0.008878387652987582	vafSum_allPos_quasibinom
34	0.006021871204890997	0.003964198628636762	0.009137808819699464	vafSum_allPos_quasibinom
35	0.006286544514161766	0.0041973626991482745	0.009405767036941166	vafSum_allPos_quasibinom
36	0.006562773939106963	0.004443638402366021	0.009682679247696972	vafSum_allPos_quasibinom
37	0.00685105714555364	0.004703659439255305	0.009969003311883802	vafSum_allPos_quasibinom
38	0.007151912612736569	0.004978069557011867	0.01026524466341879	vafSum_allPos_quasibinom
39	0.007465880448095343	0.0052675176136972824	0.010571964294199175	vafSum_allPos_quasibinom
40	0.0077935232288959535	0.005572651186110635	0.010889788342279839	vafSum_allPos_quasibinom
41	0.008135426871077848	0.005894108398412964	0.011219419611650006	vafSum_allPos_quasibinom
42	0.008492201525680084	0.006232507597345643	0.011561651402526305	vafSum_allPos_quasibinom
43	0.008864482503146642	0.0065884344532552526	0.011917384077490418	vafSum_allPos_quasibinom
44	0.009252931225748696	0.00696242603650714	0.012287644818141256	vafSum_allPos_quasibinom
45	0.009658236208291919	0.00735495142665231	0.012673611018783466	vafSum_allPos_quasibinom
46	0.010081114067197038	0.007766388489697914	0.013076637685231216	vafSum_allPos_quasibinom
47	0.01052231055795294	0.008196996656485857	0.013498289008594884	vafSum_allPos_quasibinom
48	0.0109826016408409	0.00864688592156944	0.013940373896858711	vafSum_allPos_quasibinom
49	0.01146279457471704	0.00911598294323019	0.014404984585003708	vafSum_allPos_quasibinom
50	0.011963729038514954	0.009603996148835397	0.01489453641992227	vafSum_allPos_quasibinom
51	0.012486278279992501	0.010110383183385092	0.01541180548161306	vafSum_allPos_quasibinom
52	0.013031350291093133	0.010634325812096402	0.015959958927851053	vafSum_allPos_quasibinom
53	0.013599889009123503	0.011174719193495407	0.016542571142411703	vafSum_allPos_quasibinom
54	0.014192875542762402	0.011730183617056333	0.017163617587637497	vafSum_allPos_quasibinom
55	0.014811329421712179	0.01229910632530506	0.017827438734291604	vafSum_allPos_quasibinom
56	0.01545630986857902	0.012879717803973451	0.018538669675731624	vafSum_allPos_quasibinom
57	0.01612891709132421	0.01347020041221488	0.01930213754247267	vafSum_allPos_quasibinom
58	0.0168302935943604	0.014068818423661821	0.020122737631567727	vafSum_allPos_quasibinom
59	0.01756162550607668	0.01467405036341684	0.02100530734769719	vafSum_allPos_quasibinom
60	0.018324143920259377	0.015284700862837302	0.021954520712472916	vafSum_allPos_quasibinom
61	0.01911912624853342	0.015899972750936665	0.02297482269746663	vafSum_allPos_quasibinom
62	0.01994789758057776	0.016519490010594245	0.024070412722615408	vafSum_allPos_quasibinom
63	0.020811832048468353	0.017143274449123096	0.025245274435331637	vafSum_allPos_quasibinom
64	0.021712354191070735	0.017771688493740077	0.02650323931916886	vafSum_allPos_quasibinom
65	0.022650940313940608	0.01840536049470482	0.027848067702648523	vafSum_allPos_quasibinom
66	0.023629119839693236	0.019045107504667647	0.029283532146489388	vafSum_allPos_quasibinom
67	0.02464847664327028	0.019691865970479745	0.030813492712586894	vafSum_allPos_quasibinom
68	0.02571065036596369	0.020346635650993893	0.032441958733027555	vafSum_allPos_quasibinom
69	0.026817337701450734	0.021010437983708358	0.034173135779695364	vafSum_allPos_quasibinom
70	0.027970293646450112	0.021684287596350747	0.036011459052761194	vafSum_allPos_quasibinom
71	0.029171332707926666	0.02236917451369531	0.03796161554252071	vafSum_allPos_quasibinom
72	0.03042233005805047	0.023066054394494367	0.04002855752424641	vafSum_allPos_quasibinom
73	0.03172522262735539	0.023775844415057538	0.042217509653311135	vafSum_allPos_quasibinom
74	0.03308201012574262	0.024499422887966752	0.04453397144464763	vafSum_allPos_quasibinom
75	0.034494755980137404	0.02523763119054019	0.046983716422845975	vafSum_allPos_quasibinom
76	0.03596558817673247	0.025991276997026826	0.04957278879789671	vafSum_allPos_quasibinom
77	0.03749669999484274	0.02676113813691371	0.052307498181114055	vafSum_allPos_quasibinom
78	0.0390903506184541	0.027547966643213195	0.055194412602247785	vafSum_allPos_quasibinom
79	0.040748865610578035	0.028352492724211722	0.058240349907383866	vafSum_allPos_quasibinom
80	0.04247463723452763	0.02917542850695093	0.061452367491161695	vafSum_allPos_quasibinom
10	0.4877811294504017	0.24121150030844513	0.7343507585923583	percentageInPanel_exomeCorrection
11	0.4871141371475461	0.24586760347486858	0.7283606708202236	percentageInPanel_exomeCorrection
12	0.4864471448446905	0.2505121356479089	0.7223821540414721	percentageInPanel_exomeCorrection
13	0.4857801525418348	0.2551442973891477	0.716416007694522	percentageInPanel_exomeCorrection
14	0.4851131602389792	0.25976321601653235	0.710463104461426	percentageInPanel_exomeCorrection
15	0.48444616793612355	0.264367937295673	0.7045243985765741	percentageInPanel_exomeCorrection
16	0.48377917563326794	0.2689574160177077	0.6986009352488283	percentageInPanel_exomeCorrection
17	0.48311218333041234	0.2735305052940379	0.6926938613667868	percentageInPanel_exomeCorrection
18	0.4824451910275567	0.2780859443699065	0.6868044376852068	percentageInPanel_exomeCorrection
19	0.48177819872470107	0.2826223447255156	0.6809340527238865	percentageInPanel_exomeCorrection
20	0.48111120642184546	0.28713817419434695	0.675084238649344	percentageInPanel_exomeCorrection
21	0.4804442141189898	0.2916317387826437	0.6692566894553359	percentageInPanel_exomeCorrection
22	0.4797772218161342	0.29610116182063784	0.6634532818116305	percentageInPanel_exomeCorrection
23	0.47911022951327853	0.3005443600140295	0.6576760990125275	percentageInPanel_exomeCorrection
24	0.4784432372104229	0.3049590158924619	0.651927458528384	percentageInPanel_exomeCorrection
25	0.4777762449075673	0.3093425460694236	0.6462099437457111	percentageInPanel_exomeCorrection
26	0.47710925260471165	0.3136920646347172	0.6405264405747061	percentageInPanel_exomeCorrection
27	0.47644226030185605	0.31800434089660357	0.6348801797071085	percentageInPanel_exomeCorrection
28	0.47577526799900044	0.3222757505775022	0.6292747854204988	percentageInPanel_exomeCorrection
29	0.4751082756961448	0.32650221944834856	0.623714331943941	percentageInPanel_exomeCorrection
30	0.47444128339328917	0.33067915826940164	0.6182034085171767	percentageInPanel_exomeCorrection
31	0.4737742910904335	0.33480138780179886	0.6127471943790681	percentageInPanel_exomeCorrection
32	0.4731072987875779	0.3388630525848789	0.6073515449902769	percentageInPanel_exomeCorrection
33	0.4724403064847223	0.3428575221717113	0.6020230907977333	percentageInPanel_exomeCorrection
34	0.47177331418186663	0.3467772786294677	0.5967693497342655	percentageInPanel_exomeCorrection
35	0.471106321879011	0.35061378941727056	0.5915988543407515	percentageInPanel_exomeCorrection
36	0.4704393295761554	0.35435736536123796	0.5865212937910729	percentageInPanel_exomeCorrection
37	0.46977233727329976	0.3579970045085705	0.581547670038029	percentageInPanel_exomeCorrection
38	0.46910534497044415	0.3615202243679124	0.5766904655729759	percentageInPanel_exomeCorrection
39	0.46843835266758854	0.36491288769795205	0.571963817637225	percentageInPanel_exomeCorrection
40	0.4677713603647329	0.3681590309018579	0.5673836898276079	percentageInPanel_exomeCorrection
41	0.4671043680618773	0.3712407095327765	0.562968026590978	percentageInPanel_exomeCorrection
42	0.4664373757590216	0.3741378826191863	0.5587368688988569	percentageInPanel_exomeCorrection
43	0.465770383456166	0.3768283663726764	0.5547124005396556	percentageInPanel_exomeCorrection
44	0.4651033911533104	0.3792878976010865	0.5509188847055343	percentageInPanel_exomeCorrection
45	0.46443639885045473	0.3814903559908548	0.5473824417100547	percentageInPanel_exomeCorrection
46	0.46376940654759913	0.38340819898919953	0.5441306141059987	percentageInPanel_exomeCorrection
47	0.4631024142447435	0.38501315828629207	0.5411916702031949	percentageInPanel_exomeCorrection
48	0.46243542194188786	0.38627722688864563	0.5385936169951301	percentageInPanel_exomeCorrection
49	0.46176842963903225	0.3871739257321517	0.5363629335459128	percentageInPanel_exomeCorrection
50	0.4611014373361766	0.3876797789908197	0.5345230956815336	percentageInPanel_exomeCorrection
51	0.460434445033321	0.3877758572616487	0.5330930328049933	percentageInPanel_exomeCorrection
52	0.4597674527304654	0.387449188083918	0.5320857173770128	percentageInPanel_exomeCorrection
53	0.4591004604276097	0.3866938102653138	0.5315071105899056	percentageInPanel_exomeCorrection
54	0.4584334681247541	0.3855112826412887	0.5313556536082196	percentageInPanel_exomeCorrection
55	0.4577664758218985	0.3839105495507621	0.5316224020930349	percentageInPanel_exomeCorrection
56	0.45709948351904284	0.3819071892544514	0.5322917777836343	percentageInPanel_exomeCorrection
57	0.45643249121618723	0.3795221866406554	0.5333427957917191	percentageInPanel_exomeCorrection
58	0.45576549891333157	0.37678044118244164	0.5347505566442214	percentageInPanel_exomeCorrection
59	0.45509850661047596	0.37370923028167613	0.5364877829392758	percentageInPanel_exomeCorrection
60	0.45443151430762035	0.3703368068664131	0.5385262217488276	percentageInPanel_exomeCorrection
61	0.4537645220047647	0.36669124309761947	0.5408378009119099	percentageInPanel_exomeCorrection
62	0.4530975297019091	0.36279956437940825	0.54339549502441	percentageInPanel_exomeCorrection
63	0.4524305373990535	0.3586871656608426	0.5461739091372644	percentageInPanel_exomeCorrection
64	0.4517635450961978	0.35437747057814356	0.549149619614252	percentageInPanel_exomeCorrection
65	0.4510965527933422	0.34989178098417106	0.5523013246025134	percentageInPanel_exomeCorrection
66	0.4504295604904866	0.34524926421033925	0.555609856770634	percentageInPanel_exomeCorrection
67	0.44976256818763094	0.3404670322498099	0.559058104125452	percentageInPanel_exomeCorrection
68	0.44909557588477533	0.3355602765809277	0.562630875188623	percentageInPanel_exomeCorrection
69	0.44842858358191967	0.33054243188539606	0.5663147352784432	percentageInPanel_exomeCorrection
70	0.44776159127906406	0.325425350134667	0.5700978324234611	percentageInPanel_exomeCorrection
71	0.44709459897620846	0.3202194729877503	0.5739697249646667	percentageInPanel_exomeCorrection
72	0.4464276066733528	0.3149339952180544	0.5779212181286513	percentageInPanel_exomeCorrection
73	0.4457606143704972	0.3095770152322397	0.5819442135087547	percentageInPanel_exomeCorrection
74	0.4450936220676416	0.3041556709804166	0.5860315731548665	percentageInPanel_exomeCorrection
75	0.4444266297647859	0.29867626098033584	0.590176998549236	percentageInPanel_exomeCorrection
76	0.4437596374619303	0.2931443510310232	0.5943749238928374	percentageInPanel_exomeCorrection
77	0.44309264515907465	0.28756486765856537	0.5986204226595839	percentageInPanel_exomeCorrection
78	0.44242565285621904	0.2819421795527214	0.6029091261597167	percentageInPanel_exomeCorrection
79	0.44175866055336344	0.27628016831167135	0.6072371527950555	percentageInPanel_exomeCorrection
80	0.4410916682505078	0.2705822897772524	0.6116010467237631	percentageInPanel_exomeCorrection
